{"cameraMode":{"drawMode":0,"name":"Shaded","section":"Shading Mode"},"sceneLighting":false,"audioPlay":false,"sceneViewState":{"showFog":true,"showMaterialUpdate":false,"showSkybox":false,"showFlares":true,"showImageEffects":true,"showParticleSystems":true},"in2DMode":false,"pivot":{"x":-6.164999961853027,"y":3.309999942779541,"z":0.0},"rotation":{"x":0.013687058351933957,"y":-0.31292903423309328,"z":0.004502945579588413,"w":0.9496808648109436},"size":5.014301776885986,"orthographic":false}